{"hits": [{"sample": "573.1286200000001", "gene": "FosA6", "type": "amr", "class": "fosfomycin", "identity": 98.81, "product": "fosA6 is a plasmid-encoded enzyme that confers resistance to fosfomycin in Escherichia coli by breaking the epoxide ring of the molecule."}, {"sample": "573.1286200000001", "gene": "acrD", "type": "amr", "class": "aminoglycoside", "identity": 80.17, "product": "AcrD is an aminoglycoside efflux pump expressed in E. coli. Its expression can be induced by indole and is regulated by baeRS and cpxAR."}, {"sample": "573.1286200000001", "gene": "H-NS", "type": "amr", "class": "cephalosporin;cephamycin;fluoroquinolone;macrolide;penam;tetracycline", "identity": 87.16, "product": "H-NS is a histone-like protein involved in global gene regulation in Gram-negative bacteria. It is a repressor of the membrane fusion protein genes acrE mdtE and emrK as well as nearby genes of many RND-type multidrug exporters."}, {"sample": "573.1286200000001", "gene": "cpxA", "type": "amr", "class": "aminocoumarin;aminoglycoside", "identity": 82.08, "product": "CpxA is a membrane-localized sensor kinase that is activated by envelope stress. It starts a kinase cascade that activates CpxR which promotes efflux complex expression."}, {"sample": "573.1286200000001", "gene": "msbA", "type": "amr", "class": "nitroimidazole", "identity": 80.62, "product": "MsbA is a multidrug resistance transporter homolog from E. coli and belongs to a superfamily of transporters that contain an adenosine triphosphate (ATP) binding cassette (ABC) which is also called a nucleotide-binding domain (NBD). MsbA is a member of the MDR-ABC transporter group by sequence homology. MsbA transports lipid A a major component of the bacterial outer cell membrane and is the only bacterial ABC transporter that is essential for cell viability."}, {"sample": "573.1286200000001", "gene": "oqxA", "type": "amr", "class": "diaminopyrimidine;fluoroquinolone;glycylcycline;nitrofuran;tetracycline", "identity": 100.0, "product": "RND efflux pump conferring resistance to fluoroquinolone"}, {"sample": "573.1286200000001", "gene": "oqxB", "type": "amr", "class": "diaminopyrimidine;fluoroquinolone;glycylcycline;nitrofuran;tetracycline", "identity": 100.0, "product": "RND efflux pump conferring resistance to fluoroquinolone"}, {"sample": "573.1286200000001", "gene": "emrR", "type": "amr", "class": "fluoroquinolone", "identity": 83.14, "product": "EmrR is a negative regulator for the EmrAB-TolC multidrug efflux pump in E. coli. Mutations lead to EmrAB-TolC overexpression."}, {"sample": "573.1286200000001", "gene": "Klebsiella_pneumoniae_KpnG", "type": "amr", "class": "aminoglycoside;carbapenem;cephalosporin;fluoroquinolone;macrolide;penam;penem;peptide", "identity": 99.49, "product": "KpnG consists of ~390 residues and resembles EmrA of E. coli. Disruption of the pump components KpnG-KpnH signficantly decrease resistance to azithromycin ceftazidime ciprofloxacin ertapenem erythromycin gentamicin imipenem ticarcillin norfloxacin polymyxin-B piperacillin spectinomycin tobramycin and streptomycin"}, {"sample": "573.1286200000001", "gene": "Klebsiella_pneumoniae_KpnH", "type": "amr", "class": "aminoglycoside;carbapenem;cephalosporin;fluoroquinolone;macrolide;penam;penem;peptide", "identity": 84.22, "product": "KpnH consists of ~511 residues resembles EmrB of E. coli and is probably a translocase in the KpnGH-TolC efflux protein in K. pneumoniae. Disruption of the pump components KpnG-KpnH signficantly decrease resistance to azithromycin ceftazidime ciprofloxacin ertapenem erythromycin gentamicin imipenem ticarcillin norfloxacin polymyxin-B piperacillin spectinomycin tobramycin and streptomycin."}, {"sample": "573.1286200000001", "gene": "mphA", "type": "amr", "class": "macrolide", "identity": 100.0, "product": "The mphA gene encodes for resistance enzyme MPH(2')-I which preferentially inactivate 14-membered macrolides (e.g.erythromycin telithromycin roxithromycin) over 16-membered macrolides (e.g.tylosin spiramycin). It phosphorylates macrolides at 2'-OH hydroxyl of desosamine sugar of macrolides in a GTP-dependent manner."}, {"sample": "573.1286200000001", "gene": "sul1", "type": "amr", "class": "sulfonamide", "identity": 100.0, "product": "Sul1 is a sulfonamide resistant dihydropteroate synthase of Gram-negative bacteria. It is linked to other resistance genes of class 1 integrons."}, {"sample": "573.1286200000001", "gene": "aadA2", "type": "amr", "class": "aminoglycoside", "identity": 99.87, "product": "aadA2 is an aminoglycoside nucleotidyltransferase gene encoded by plasmids and integrons in K. pneumoniae Salmonella spp. Corynebacterium glutamicum C. freundii and Aeromonas spp."}, {"sample": "573.1286200000001", "gene": "dfrA12", "type": "amr", "class": "diaminopyrimidine", "identity": 100.0, "product": "dfrA12 is an integron-encoded dihydrofolate reductase found in Vibrio cholerae"}, {"sample": "573.1286200000001", "gene": "catI", "type": "amr", "class": "phenicol", "identity": 99.85, "product": "catI is a chromosome and transposon-encoded variant of the cat gene found in Escherichia coli and Acinetobacter baumannii"}, {"sample": "573.1286200000001", "gene": "acrB", "type": "amr", "class": "cephalosporin;fluoroquinolone;glycylcycline;penam;phenicol;rifamycin;tetracycline;triclosan", "identity": 83.85, "product": "Protein subunit of AcrA-AcrB-TolC multidrug efflux complex. AcrB functions as a herterotrimer which forms the inner membrane component and is primarily responsible for substrate recognition and energy transduction by acting as a drug/proton antiporter."}, {"sample": "573.1286200000001", "gene": "Klebsiella_pneumoniae_acrA", "type": "amr", "class": "cephalosporin;fluoroquinolone;glycylcycline;penam;phenicol;rifamycin;tetracycline;triclosan", "identity": 97.74, "product": "AcrA is a subunit of the AcrAB multidrug efflux system that in K. pneumoniae which is encoded by the acrRAB operon."}, {"sample": "573.1286200000001", "gene": "marA", "type": "amr", "class": "carbapenem;cephalosporin;cephamycin;fluoroquinolone;glycylcycline;monobactam;penam;penem;phenicol;rifamycin;tetracycline;triclosan", "identity": 81.57, "product": "In the presence of antibiotic stress E. coli overexpresses the global activator protein MarA which besides inducing MDR efflux pump AcrAB also down- regulates synthesis of the porin OmpF."}, {"sample": "573.1286200000001", "gene": "baeR", "type": "amr", "class": "aminocoumarin;aminoglycoside", "identity": 81.35, "product": "BaeR is a response regulator that promotes the expression of MdtABC and AcrD efflux complexes."}, {"sample": "573.1286200000001", "gene": "mdtC", "type": "amr", "class": "aminocoumarin", "identity": 81.58, "product": "MdtC is a transporter that forms a heteromultimer complex with MdtB to form a multidrug transporter. MdtBC is part of the MdtABC-TolC efflux complex. In the absence of MdtB MdtC can form a homomultimer complex that results in a functioning efflux complex with a narrower drug specificity. mdtC corresponds to 3 loci in Pseudomonas aeruginosa PAO1 (gene name: muxC/muxB) and 3 loci in Pseudomonas aeruginosa LESB58."}, {"sample": "573.1286200000001", "gene": "mdtB", "type": "amr", "class": "aminocoumarin", "identity": 81.12, "product": "MdtB is a transporter that forms a heteromultimer complex with MdtC to form a multidrug transporter. MdtBC is part of the MdtABC-TolC efflux complex."}, {"sample": "573.1286200000001", "gene": "SHV-134", "type": "amr", "class": "carbapenem;cephalosporin;penam", "identity": 99.88, "product": "SHV-134 is an extended-spectrum beta-lactamase."}, {"sample": "573.1286200000001", "gene": "APH(3')-Ia", "type": "amr", "class": "aminoglycoside", "identity": 99.39, "product": "APH(3')-Ia is a transposon-encoded aminoglycoside phosphotransferase in E. coli and S. enterica. It is identical at the protein sequence to APH(3')-Ic an aminoglycoside phosphotransferase encoded by plasmids transposons and genomic islands in K. pneumoniae A. baumannii S. marcescens Corynebacterium spp. Photobacterium spp. and Citrobacter spp."}, {"sample": "573.1286200000001", "gene": "CRP", "type": "amr", "class": "fluoroquinolone;macrolide;penam", "identity": 88.15, "product": "CRP is a global regulator that represses MdtEF multidrug efflux pump expression."}, {"sample": "573.1286200000001", "gene": "Klebsiella_pneumoniae_KpnF", "type": "amr", "class": "aminoglycoside;cephalosporin;macrolide;peptide;rifamycin;tetracycline", "identity": 100.0, "product": "KpnF subunit of KpnEF resembles EbrAB from E. coli. Mutation in KpnEF resulted in increased susceptibility to cefepime ceftriaxon colistin erythromycin rifampin tetracycline and streptomycin as well as enhanced sensitivity toward sodium dodecyl sulfate deoxycholate dyes benzalkonium chloride chlorhexidine and triclosan."}, {"sample": "573.1286200000001", "gene": "Klebsiella_pneumoniae_KpnE", "type": "amr", "class": "aminoglycoside;cephalosporin;macrolide;peptide;rifamycin;tetracycline", "identity": 99.45, "product": "KpnE subunit of KpnEF resembles EbrAB from E. coli. Mutation in KpnEF resulted in increased susceptibility to cefepime ceftriaxon colistin erythromycin rifampin tetracycline and streptomycin as well as enhanced sensitivity toward sodium dodecyl sulfate deoxycholate dyes benzalkonium chloride chlorhexidine and triclosan"}, {"sample": "573.1286200000001", "gene": "Klebsiella_pneumoniae_OmpK37", "type": "amr", "class": "carbapenem;cephalosporin;cephamycin;monobactam;penam;penem", "identity": 95.24, "product": "Klebsiella pneumoniae outer membrane porin protein. Is preferentially detected in porin-deficient strains. Functional characterization of this new porin revealed a narrower pore than those of porins OmpK35 and OmpK36 which did not allow penetration by certain beta-lactams. Also when a resistant strain expresses porin OmpK37 is less susceptible to cefotaxime and cefoxitin than when it is expressing either OmpK36 or OmpK35."}, {"sample": "573.1286200000001", "gene": "ompA", "type": "vir", "identity": 83.85, "product": "(ompA) outer membrane protein A [OmpA (VF0236)] [Escherichia coli O18:K1:H7 str. RS218]"}, {"sample": "573.1286200000001", "gene": "ykgK/ecpR", "type": "vir", "identity": 86.58, "product": "(ykgK/ecpR) regulator protein EcpR [ECP (VF0404)] [Escherichia coli O157:H7 str. EDL933]"}, {"sample": "573.1286200000001", "gene": "yagZ/ecpA", "type": "vir", "identity": 89.9, "product": "(yagZ/ecpA) E. coli common pilus structural subunit EcpA [ECP (VF0404)] [Escherichia coli O157:H7 str. EDL933]"}, {"sample": "573.1286200000001", "gene": "yagY/ecpB", "type": "vir", "identity": 86.4, "product": "(yagY/ecpB) E. coli common pilus chaperone EcpB [ECP (VF0404)] [Escherichia coli O157:H7 str. EDL933]"}, {"sample": "573.1286200000001", "gene": "yagX/ecpC", "type": "vir", "identity": 87.65, "product": "(yagX/ecpC) E. coli common pilus usher EcpC [ECP (VF0404)] [Escherichia coli O157:H7 str. EDL933]"}, {"sample": "573.1286200000001", "gene": "yagW/ecpD", "type": "vir", "identity": 88.81, "product": "(yagW/ecpD) polymerized tip adhesin of ECP fibers [ECP (VF0404)] [Escherichia coli O157:H7 str. EDL933]"}, {"sample": "573.1286200000001", "gene": "yagV/ecpE", "type": "vir", "identity": 85.15, "product": "(yagV/ecpE) E. coli common pilus chaperone EcpE [ECP (VF0404)] [Escherichia coli O157:H7 str. EDL933]"}, {"sample": "573.1286200000001", "gene": "fepC", "type": "vir", "identity": 80.83, "product": "(fepC) ferrienterobactin ABC transporter ATPase [Enterobactin (VF0228)] [Escherichia coli CFT073]"}, {"sample": "573.1286200000001", "gene": "entB", "type": "vir", "identity": 82.31, "product": "(entB) isochorismatase [Enterobactin (VF0228)] [Escherichia coli CFT073]"}, {"sample": "573.1286200000001", "gene": "entA", "type": "vir", "identity": 80.4, "product": "(entA) 23-dihydro-23-dihydroxybenzoate dehydrogenase [Enterobactin (VF0228)] [Escherichia coli CFT073]"}, {"sample": "573.1286", "gene": "msbA", "type": "amr", "class": "nitroimidazole", "identity": 80.62, "product": "MsbA is a multidrug resistance transporter homolog from E. coli and belongs to a superfamily of transporters that contain an adenosine triphosphate (ATP) binding cassette (ABC) which is also called a nucleotide-binding domain (NBD). MsbA is a member of the MDR-ABC transporter group by sequence homology. MsbA transports lipid A a major component of the bacterial outer cell membrane and is the only bacterial ABC transporter that is essential for cell viability."}, {"sample": "573.1286", "gene": "baeR", "type": "amr", "class": "aminocoumarin;aminoglycoside", "identity": 81.35, "product": "BaeR is a response regulator that promotes the expression of MdtABC and AcrD efflux complexes."}, {"sample": "573.1286", "gene": "mdtC", "type": "amr", "class": "aminocoumarin", "identity": 81.61, "product": "MdtC is a transporter that forms a heteromultimer complex with MdtB to form a multidrug transporter. MdtBC is part of the MdtABC-TolC efflux complex. In the absence of MdtB MdtC can form a homomultimer complex that results in a functioning efflux complex with a narrower drug specificity. mdtC corresponds to 3 loci in Pseudomonas aeruginosa PAO1 (gene name: muxC/muxB) and 3 loci in Pseudomonas aeruginosa LESB58."}, {"sample": "573.1286", "gene": "mdtB", "type": "amr", "class": "aminocoumarin", "identity": 81.28, "product": "MdtB is a transporter that forms a heteromultimer complex with MdtC to form a multidrug transporter. MdtBC is part of the MdtABC-TolC efflux complex."}, {"sample": "573.1286", "gene": "acrD", "type": "amr", "class": "aminoglycoside", "identity": 80.17, "product": "AcrD is an aminoglycoside efflux pump expressed in E. coli. Its expression can be induced by indole and is regulated by baeRS and cpxAR."}, {"sample": "573.1286", "gene": "Klebsiella_pneumoniae_OmpK37", "type": "amr", "class": "carbapenem;cephalosporin;cephamycin;monobactam;penam;penem", "identity": 95.24, "product": "Klebsiella pneumoniae outer membrane porin protein. Is preferentially detected in porin-deficient strains. Functional characterization of this new porin revealed a narrower pore than those of porins OmpK35 and OmpK36 which did not allow penetration by certain beta-lactams. Also when a resistant strain expresses porin OmpK37 is less susceptible to cefotaxime and cefoxitin than when it is expressing either OmpK36 or OmpK35."}, {"sample": "573.1286", "gene": "AAC(6')-Ib10", "type": "amr", "class": "aminoglycoside", "identity": 100.0, "product": "AAC(6')-Ib10 is an integron-encoded aminoglycoside acetyltransferase in P. aeruginosa"}, {"sample": "573.1286", "gene": "H-NS", "type": "amr", "class": "cephalosporin;cephamycin;fluoroquinolone;macrolide;penam;tetracycline", "identity": 87.16, "product": "H-NS is a histone-like protein involved in global gene regulation in Gram-negative bacteria. It is a repressor of the membrane fusion protein genes acrE mdtE and emrK as well as nearby genes of many RND-type multidrug exporters."}, {"sample": "573.1286", "gene": "CRP", "type": "amr", "class": "fluoroquinolone;macrolide;penam", "identity": 88.15, "product": "CRP is a global regulator that represses MdtEF multidrug efflux pump expression."}, {"sample": "573.1286", "gene": "Klebsiella_pneumoniae_acrA", "type": "amr", "class": "cephalosporin;fluoroquinolone;glycylcycline;penam;phenicol;rifamycin;tetracycline;triclosan", "identity": 97.74, "product": "AcrA is a subunit of the AcrAB multidrug efflux system that in K. pneumoniae which is encoded by the acrRAB operon."}, {"sample": "573.1286", "gene": "acrB", "type": "amr", "class": "cephalosporin;fluoroquinolone;glycylcycline;penam;phenicol;rifamycin;tetracycline;triclosan", "identity": 83.85, "product": "Protein subunit of AcrA-AcrB-TolC multidrug efflux complex. AcrB functions as a herterotrimer which forms the inner membrane component and is primarily responsible for substrate recognition and energy transduction by acting as a drug/proton antiporter."}, {"sample": "573.1286", "gene": "cpxA", "type": "amr", "class": "aminocoumarin;aminoglycoside", "identity": 82.08, "product": "CpxA is a membrane-localized sensor kinase that is activated by envelope stress. It starts a kinase cascade that activates CpxR which promotes efflux complex expression."}, {"sample": "573.1286", "gene": "Klebsiella_pneumoniae_KpnH", "type": "amr", "class": "aminoglycoside;carbapenem;cephalosporin;fluoroquinolone;macrolide;penam;penem;peptide", "identity": 84.22, "product": "KpnH consists of ~511 residues resembles EmrB of E. coli and is probably a translocase in the KpnGH-TolC efflux protein in K. pneumoniae. Disruption of the pump components KpnG-KpnH signficantly decrease resistance to azithromycin ceftazidime ciprofloxacin ertapenem erythromycin gentamicin imipenem ticarcillin norfloxacin polymyxin-B piperacillin spectinomycin tobramycin and streptomycin."}, {"sample": "573.1286", "gene": "Klebsiella_pneumoniae_KpnG", "type": "amr", "class": "aminoglycoside;carbapenem;cephalosporin;fluoroquinolone;macrolide;penam;penem;peptide", "identity": 99.49, "product": "KpnG consists of ~390 residues and resembles EmrA of E. coli. Disruption of the pump components KpnG-KpnH signficantly decrease resistance to azithromycin ceftazidime ciprofloxacin ertapenem erythromycin gentamicin imipenem ticarcillin norfloxacin polymyxin-B piperacillin spectinomycin tobramycin and streptomycin"}, {"sample": "573.1286", "gene": "emrR", "type": "amr", "class": "fluoroquinolone", "identity": 83.14, "product": "EmrR is a negative regulator for the EmrAB-TolC multidrug efflux pump in E. coli. Mutations lead to EmrAB-TolC overexpression."}, {"sample": "573.1286", "gene": "oqxB", "type": "amr", "class": "diaminopyrimidine;fluoroquinolone;glycylcycline;nitrofuran;tetracycline", "identity": 100.0, "product": "RND efflux pump conferring resistance to fluoroquinolone"}, {"sample": "573.1286", "gene": "oqxA", "type": "amr", "class": "diaminopyrimidine;fluoroquinolone;glycylcycline;nitrofuran;tetracycline", "identity": 100.0, "product": "RND efflux pump conferring resistance to fluoroquinolone"}, {"sample": "573.1286", "gene": "FosA6", "type": "amr", "class": "fosfomycin", "identity": 98.81, "product": "fosA6 is a plasmid-encoded enzyme that confers resistance to fosfomycin in Escherichia coli by breaking the epoxide ring of the molecule."}, {"sample": "573.1286", "gene": "ramA", "type": "amr", "class": "carbapenem;cephalosporin;cephamycin;fluoroquinolone;glycylcycline;monobactam;penam;penem;phenicol;rifamycin;tetracycline;triclosan", "identity": 81.41, "product": "RamA (resistance antibiotic multiple) is a positive regulator of AcrAB-TolC and leads to high level multidrug resistance in Klebsiella pneumoniae Salmonella enterica and Enterobacter aerugenes increasing the expression of both the mar operon as well as AcrAB. RamA also decreases OmpF expression."}, {"sample": "573.1286", "gene": "Klebsiella_pneumoniae_KpnF", "type": "amr", "class": "aminoglycoside;cephalosporin;macrolide;peptide;rifamycin;tetracycline", "identity": 100.0, "product": "KpnF subunit of KpnEF resembles EbrAB from E. coli. Mutation in KpnEF resulted in increased susceptibility to cefepime ceftriaxon colistin erythromycin rifampin tetracycline and streptomycin as well as enhanced sensitivity toward sodium dodecyl sulfate deoxycholate dyes benzalkonium chloride chlorhexidine and triclosan."}, {"sample": "573.1286", "gene": "Klebsiella_pneumoniae_KpnE", "type": "amr", "class": "aminoglycoside;cephalosporin;macrolide;peptide;rifamycin;tetracycline", "identity": 99.45, "product": "KpnE subunit of KpnEF resembles EbrAB from E. coli. Mutation in KpnEF resulted in increased susceptibility to cefepime ceftriaxon colistin erythromycin rifampin tetracycline and streptomycin as well as enhanced sensitivity toward sodium dodecyl sulfate deoxycholate dyes benzalkonium chloride chlorhexidine and triclosan"}, {"sample": "573.1286", "gene": "marA", "type": "amr", "class": "carbapenem;cephalosporin;cephamycin;fluoroquinolone;glycylcycline;monobactam;penam;penem;phenicol;rifamycin;tetracycline;triclosan", "identity": 81.57, "product": "In the presence of antibiotic stress E. coli overexpresses the global activator protein MarA which besides inducing MDR efflux pump AcrAB also down- regulates synthesis of the porin OmpF."}, {"sample": "573.1286", "gene": "mphA", "type": "amr", "class": "macrolide", "identity": 100.0, "product": "The mphA gene encodes for resistance enzyme MPH(2')-I which preferentially inactivate 14-membered macrolides (e.g.erythromycin telithromycin roxithromycin) over 16-membered macrolides (e.g.tylosin spiramycin). It phosphorylates macrolides at 2'-OH hydroxyl of desosamine sugar of macrolides in a GTP-dependent manner."}, {"sample": "573.1286", "gene": "dfrA12", "type": "amr", "class": "diaminopyrimidine", "identity": 100.0, "product": "dfrA12 is an integron-encoded dihydrofolate reductase found in Vibrio cholerae"}, {"sample": "573.1286", "gene": "aadA2", "type": "amr", "class": "aminoglycoside", "identity": 99.87, "product": "aadA2 is an aminoglycoside nucleotidyltransferase gene encoded by plasmids and integrons in K. pneumoniae Salmonella spp. Corynebacterium glutamicum C. freundii and Aeromonas spp."}, {"sample": "573.1286", "gene": "sul1", "type": "amr", "class": "sulfonamide", "identity": 100.0, "product": "Sul1 is a sulfonamide resistant dihydropteroate synthase of Gram-negative bacteria. It is linked to other resistance genes of class 1 integrons."}, {"sample": "573.1286", "gene": "SHV-134", "type": "amr", "class": "carbapenem;cephalosporin;penam", "identity": 99.88, "product": "SHV-134 is an extended-spectrum beta-lactamase."}, {"sample": "573.1286", "gene": "CTX-M-15", "type": "amr", "class": "cephalosporin", "identity": 100.0, "product": "CTX-M-15 is a beta-lactamase found in the Enterobacteriaceae family"}, {"sample": "573.1286", "gene": "OXA-1", "type": "amr", "class": "cephalosporin;penam", "identity": 100.0, "product": "OXA-1 is a beta-lactamase found in E. coli"}, {"sample": "573.1286", "gene": "ompA", "type": "vir", "identity": 83.85, "product": "(ompA) outer membrane protein A [OmpA (VF0236)] [Escherichia coli O18:K1:H7 str. RS218]"}, {"sample": "573.1286", "gene": "yagV/ecpE", "type": "vir", "identity": 85.15, "product": "(yagV/ecpE) E. coli common pilus chaperone EcpE [ECP (VF0404)] [Escherichia coli O157:H7 str. EDL933]"}, {"sample": "573.1286", "gene": "yagW/ecpD", "type": "vir", "identity": 88.81, "product": "(yagW/ecpD) polymerized tip adhesin of ECP fibers [ECP (VF0404)] [Escherichia coli O157:H7 str. EDL933]"}, {"sample": "573.1286", "gene": "yagX/ecpC", "type": "vir", "identity": 87.65, "product": "(yagX/ecpC) E. coli common pilus usher EcpC [ECP (VF0404)] [Escherichia coli O157:H7 str. EDL933]"}, {"sample": "573.1286", "gene": "yagY/ecpB", "type": "vir", "identity": 86.4, "product": "(yagY/ecpB) E. coli common pilus chaperone EcpB [ECP (VF0404)] [Escherichia coli O157:H7 str. EDL933]"}, {"sample": "573.1286", "gene": "yagZ/ecpA", "type": "vir", "identity": 89.9, "product": "(yagZ/ecpA) E. coli common pilus structural subunit EcpA [ECP (VF0404)] [Escherichia coli O157:H7 str. EDL933]"}, {"sample": "573.1286", "gene": "ykgK/ecpR", "type": "vir", "identity": 86.58, "product": "(ykgK/ecpR) regulator protein EcpR [ECP (VF0404)] [Escherichia coli O157:H7 str. EDL933]"}, {"sample": "573.1286", "gene": "fyuA", "type": "vir", "identity": 99.9, "product": "(fyuA) pesticin/yersiniabactin receptor protein [Yersiniabactin (VF0136)] [Yersinia pestis CO92]"}, {"sample": "573.1286", "gene": "ybtE", "type": "vir", "identity": 99.81, "product": "(ybtE) yersiniabactin siderophore biosynthetic protein [Yersiniabactin (VF0136)] [Yersinia pestis CO92]"}, {"sample": "573.1286", "gene": "ybtT", "type": "vir", "identity": 99.75, "product": "(ybtT) yersiniabactin biosynthetic protein YbtT [Yersiniabactin (VF0136)] [Yersinia pestis CO92]"}, {"sample": "573.1286", "gene": "ybtU", "type": "vir", "identity": 99.73, "product": "(ybtU) yersiniabactin biosynthetic protein YbtU [Yersiniabactin (VF0136)] [Yersinia pestis CO92]"}, {"sample": "573.1286", "gene": "irp1", "type": "vir", "identity": 99.34, "product": "(irp1) yersiniabactin biosynthetic protein Irp1 [Yersiniabactin (VF0136)] [Yersinia pestis CO92]"}, {"sample": "573.1286", "gene": "irp2", "type": "vir", "identity": 99.74, "product": "(irp2) yersiniabactin biosynthetic protein Irp2 [Yersiniabactin (VF0136)] [Yersinia pestis CO92]"}, {"sample": "573.1286", "gene": "ybtA", "type": "vir", "identity": 99.79, "product": "(ybtA) transcriptional regulator YbtA [Yersiniabactin (VF0136)] [Yersinia pestis CO92]"}, {"sample": "573.1286", "gene": "ybtP", "type": "vir", "identity": 99.72, "product": "(ybtP) lipoprotein inner membrane ABC-transporter [Yersiniabactin (VF0136)] [Yersinia pestis CO92]"}, {"sample": "573.1286", "gene": "ybtQ", "type": "vir", "identity": 99.89, "product": "(ybtQ) inner membrane ABC-transporter YbtQ [Yersiniabactin (VF0136)] [Yersinia pestis CO92]"}, {"sample": "573.1286", "gene": "ybtX", "type": "vir", "identity": 97.74, "product": "(ybtX) putative signal transducer [Yersiniabactin (VF0136)] [Yersinia pestis CO92]"}, {"sample": "573.1286", "gene": "ybtS", "type": "vir", "identity": 97.62, "product": "(ybtS) salicylate synthase Irp9 [Yersiniabactin (VF0136)] [Yersinia pestis CO92]"}, {"sample": "573.1286", "gene": "fepC", "type": "vir", "identity": 80.83, "product": "(fepC) ferrienterobactin ABC transporter ATPase [Enterobactin (VF0228)] [Escherichia coli CFT073]"}, {"sample": "573.1286", "gene": "entB", "type": "vir", "identity": 82.31, "product": "(entB) isochorismatase [Enterobactin (VF0228)] [Escherichia coli CFT073]"}, {"sample": "573.1286", "gene": "entA", "type": "vir", "identity": 80.4, "product": "(entA) 23-dihydro-23-dihydroxybenzoate dehydrogenase [Enterobactin (VF0228)] [Escherichia coli CFT073]"}, {"sample": "573.12859", "gene": "CRP", "type": "amr", "class": "fluoroquinolone;macrolide;penam", "identity": 87.99, "product": "CRP is a global regulator that represses MdtEF multidrug efflux pump expression."}, {"sample": "573.12859", "gene": "msbA", "type": "amr", "class": "nitroimidazole", "identity": 80.62, "product": "MsbA is a multidrug resistance transporter homolog from E. coli and belongs to a superfamily of transporters that contain an adenosine triphosphate (ATP) binding cassette (ABC) which is also called a nucleotide-binding domain (NBD). MsbA is a member of the MDR-ABC transporter group by sequence homology. MsbA transports lipid A a major component of the bacterial outer cell membrane and is the only bacterial ABC transporter that is essential for cell viability."}, {"sample": "573.12859", "gene": "H-NS", "type": "amr", "class": "cephalosporin;cephamycin;fluoroquinolone;macrolide;penam;tetracycline", "identity": 87.16, "product": "H-NS is a histone-like protein involved in global gene regulation in Gram-negative bacteria. It is a repressor of the membrane fusion protein genes acrE mdtE and emrK as well as nearby genes of many RND-type multidrug exporters."}, {"sample": "573.12859", "gene": "Klebsiella_pneumoniae_KpnF", "type": "amr", "class": "aminoglycoside;cephalosporin;macrolide;peptide;rifamycin;tetracycline", "identity": 100.0, "product": "KpnF subunit of KpnEF resembles EbrAB from E. coli. Mutation in KpnEF resulted in increased susceptibility to cefepime ceftriaxon colistin erythromycin rifampin tetracycline and streptomycin as well as enhanced sensitivity toward sodium dodecyl sulfate deoxycholate dyes benzalkonium chloride chlorhexidine and triclosan."}, {"sample": "573.12859", "gene": "Klebsiella_pneumoniae_KpnE", "type": "amr", "class": "aminoglycoside;cephalosporin;macrolide;peptide;rifamycin;tetracycline", "identity": 100.0, "product": "KpnE subunit of KpnEF resembles EbrAB from E. coli. Mutation in KpnEF resulted in increased susceptibility to cefepime ceftriaxon colistin erythromycin rifampin tetracycline and streptomycin as well as enhanced sensitivity toward sodium dodecyl sulfate deoxycholate dyes benzalkonium chloride chlorhexidine and triclosan"}, {"sample": "573.12859", "gene": "Klebsiella_pneumoniae_OmpK37", "type": "amr", "class": "carbapenem;cephalosporin;cephamycin;monobactam;penam;penem", "identity": 99.47, "product": "Klebsiella pneumoniae outer membrane porin protein. Is preferentially detected in porin-deficient strains. Functional characterization of this new porin revealed a narrower pore than those of porins OmpK35 and OmpK36 which did not allow penetration by certain beta-lactams. Also when a resistant strain expresses porin OmpK37 is less susceptible to cefotaxime and cefoxitin than when it is expressing either OmpK36 or OmpK35."}, {"sample": "573.12859", "gene": "acrD", "type": "amr", "class": "aminoglycoside", "identity": 80.14, "product": "AcrD is an aminoglycoside efflux pump expressed in E. coli. Its expression can be induced by indole and is regulated by baeRS and cpxAR."}, {"sample": "573.12859", "gene": "cpxA", "type": "amr", "class": "aminocoumarin;aminoglycoside", "identity": 82.0, "product": "CpxA is a membrane-localized sensor kinase that is activated by envelope stress. It starts a kinase cascade that activates CpxR which promotes efflux complex expression."}, {"sample": "573.12859", "gene": "FosA6", "type": "amr", "class": "fosfomycin", "identity": 98.33, "product": "fosA6 is a plasmid-encoded enzyme that confers resistance to fosfomycin in Escherichia coli by breaking the epoxide ring of the molecule."}, {"sample": "573.12859", "gene": "baeR", "type": "amr", "class": "aminocoumarin;aminoglycoside", "identity": 81.63, "product": "BaeR is a response regulator that promotes the expression of MdtABC and AcrD efflux complexes."}, {"sample": "573.12859", "gene": "mdtC", "type": "amr", "class": "aminocoumarin", "identity": 81.77, "product": "MdtC is a transporter that forms a heteromultimer complex with MdtB to form a multidrug transporter. MdtBC is part of the MdtABC-TolC efflux complex. In the absence of MdtB MdtC can form a homomultimer complex that results in a functioning efflux complex with a narrower drug specificity. mdtC corresponds to 3 loci in Pseudomonas aeruginosa PAO1 (gene name: muxC/muxB) and 3 loci in Pseudomonas aeruginosa LESB58."}, {"sample": "573.12859", "gene": "mdtB", "type": "amr", "class": "aminocoumarin", "identity": 80.74, "product": "MdtB is a transporter that forms a heteromultimer complex with MdtC to form a multidrug transporter. MdtBC is part of the MdtABC-TolC efflux complex."}, {"sample": "573.12859", "gene": "emrR", "type": "amr", "class": "fluoroquinolone", "identity": 83.14, "product": "EmrR is a negative regulator for the EmrAB-TolC multidrug efflux pump in E. coli. Mutations lead to EmrAB-TolC overexpression."}, {"sample": "573.12859", "gene": "Klebsiella_pneumoniae_KpnG", "type": "amr", "class": "aminoglycoside;carbapenem;cephalosporin;fluoroquinolone;macrolide;penam;penem;peptide", "identity": 99.4, "product": "KpnG consists of ~390 residues and resembles EmrA of E. coli. Disruption of the pump components KpnG-KpnH signficantly decrease resistance to azithromycin ceftazidime ciprofloxacin ertapenem erythromycin gentamicin imipenem ticarcillin norfloxacin polymyxin-B piperacillin spectinomycin tobramycin and streptomycin"}, {"sample": "573.12859", "gene": "Klebsiella_pneumoniae_KpnH", "type": "amr", "class": "aminoglycoside;carbapenem;cephalosporin;fluoroquinolone;macrolide;penam;penem;peptide", "identity": 84.48, "product": "KpnH consists of ~511 residues resembles EmrB of E. coli and is probably a translocase in the KpnGH-TolC efflux protein in K. pneumoniae. Disruption of the pump components KpnG-KpnH signficantly decrease resistance to azithromycin ceftazidime ciprofloxacin ertapenem erythromycin gentamicin imipenem ticarcillin norfloxacin polymyxin-B piperacillin spectinomycin tobramycin and streptomycin."}, {"sample": "573.12859", "gene": "Klebsiella_pneumoniae_acrA", "type": "amr", "class": "cephalosporin;fluoroquinolone;glycylcycline;penam;phenicol;rifamycin;tetracycline;triclosan", "identity": 97.74, "product": "AcrA is a subunit of the AcrAB multidrug efflux system that in K. pneumoniae which is encoded by the acrRAB operon."}, {"sample": "573.12859", "gene": "acrB", "type": "amr", "class": "cephalosporin;fluoroquinolone;glycylcycline;penam;phenicol;rifamycin;tetracycline;triclosan", "identity": 83.88, "product": "Protein subunit of AcrA-AcrB-TolC multidrug efflux complex. AcrB functions as a herterotrimer which forms the inner membrane component and is primarily responsible for substrate recognition and energy transduction by acting as a drug/proton antiporter."}, {"sample": "573.12859", "gene": "marA", "type": "amr", "class": "carbapenem;cephalosporin;cephamycin;fluoroquinolone;glycylcycline;monobactam;penam;penem;phenicol;rifamycin;tetracycline;triclosan", "identity": 81.3, "product": "In the presence of antibiotic stress E. coli overexpresses the global activator protein MarA which besides inducing MDR efflux pump AcrAB also down- regulates synthesis of the porin OmpF."}, {"sample": "573.12859", "gene": "QnrB17", "type": "amr", "class": "fluoroquinolone", "identity": 99.27, "product": "QnrB17 is a plasmid-mediated quinolone resistance protein found in Citrobacter freundii"}, {"sample": "573.12859", "gene": "ramA", "type": "amr", "class": "carbapenem;cephalosporin;cephamycin;fluoroquinolone;glycylcycline;monobactam;penam;penem;phenicol;rifamycin;tetracycline;triclosan", "identity": 80.84, "product": "RamA (resistance antibiotic multiple) is a positive regulator of AcrAB-TolC and leads to high level multidrug resistance in Klebsiella pneumoniae Salmonella enterica and Enterobacter aerugenes increasing the expression of both the mar operon as well as AcrAB. RamA also decreases OmpF expression."}, {"sample": "573.12859", "gene": "SHV-187", "type": "amr", "class": "carbapenem;cephalosporin;penam", "identity": 99.72, "product": "From the Lahey list of beta-lactamases."}, {"sample": "573.12859", "gene": "ompA", "type": "vir", "identity": 83.85, "product": "(ompA) outer membrane protein A [OmpA (VF0236)] [Escherichia coli O18:K1:H7 str. RS218]"}, {"sample": "573.12859", "gene": "yagV/ecpE", "type": "vir", "identity": 85.15, "product": "(yagV/ecpE) E. coli common pilus chaperone EcpE [ECP (VF0404)] [Escherichia coli O157:H7 str. EDL933]"}, {"sample": "573.12859", "gene": "yagW/ecpD", "type": "vir", "identity": 88.93, "product": "(yagW/ecpD) polymerized tip adhesin of ECP fibers [ECP (VF0404)] [Escherichia coli O157:H7 str. EDL933]"}, {"sample": "573.12859", "gene": "yagX/ecpC", "type": "vir", "identity": 87.3, "product": "(yagX/ecpC) E. coli common pilus usher EcpC [ECP (VF0404)] [Escherichia coli O157:H7 str. EDL933]"}, {"sample": "573.12859", "gene": "yagY/ecpB", "type": "vir", "identity": 87.44, "product": "(yagY/ecpB) E. coli common pilus chaperone EcpB [ECP (VF0404)] [Escherichia coli O157:H7 str. EDL933]"}, {"sample": "573.12859", "gene": "yagZ/ecpA", "type": "vir", "identity": 90.07, "product": "(yagZ/ecpA) E. coli common pilus structural subunit EcpA [ECP (VF0404)] [Escherichia coli O157:H7 str. EDL933]"}, {"sample": "573.12859", "gene": "ykgK/ecpR", "type": "vir", "identity": 86.75, "product": "(ykgK/ecpR) regulator protein EcpR [ECP (VF0404)] [Escherichia coli O157:H7 str. EDL933]"}, {"sample": "573.12859", "gene": "fepC", "type": "vir", "identity": 80.96, "product": "(fepC) ferrienterobactin ABC transporter ATPase [Enterobactin (VF0228)] [Escherichia coli CFT073]"}, {"sample": "573.12859", "gene": "entB", "type": "vir", "identity": 82.42, "product": "(entB) isochorismatase [Enterobactin (VF0228)] [Escherichia coli CFT073]"}, {"sample": "573.12859", "gene": "entA", "type": "vir", "identity": 80.0, "product": "(entA) 23-dihydro-23-dihydroxybenzoate dehydrogenase [Enterobactin (VF0228)] [Escherichia coli CFT073]"}], "list_genes": ["ybtP", "H-NS", "SHV-187", "fyuA", "ybtU", "Klebsiella_pneumoniae_KpnG", "CTX-M-15", "marA", "entA", "yagW/ecpD", "ybtQ", "acrD", "yagZ/ecpA", "SHV-134", "cpxA", "Klebsiella_pneumoniae_OmpK37", "entB", "ybtX", "yagY/ecpB", "ybtT", "ybtA", "ybtE", "ompA", "catI", "acrB", "mdtC", "ykgK/ecpR", "irp1", "sul1", "Klebsiella_pneumoniae_KpnF", "Klebsiella_pneumoniae_KpnH", "yagV/ecpE", "baeR", "dfrA12", "aadA2", "oqxA", "AAC(6')-Ib10", "fepC", "ramA", "msbA", "yagX/ecpC", "irp2", "FosA6", "APH(3')-Ia", "mdtB", "CRP", "emrR", "OXA-1", "QnrB17", "mphA", "oqxB", "ybtS", "Klebsiella_pneumoniae_acrA", "Klebsiella_pneumoniae_KpnE"], "list_class": ["macrolide", "fluoroquinolone;macrolide;penam", "aminoglycoside;carbapenem;cephalosporin;fluoroquinolone;macrolide;penam;penem;peptide", "fosfomycin", "diaminopyrimidine;fluoroquinolone;glycylcycline;nitrofuran;tetracycline", "nitroimidazole", "aminocoumarin;aminoglycoside", "carbapenem;cephalosporin;cephamycin;fluoroquinolone;glycylcycline;monobactam;penam;penem;phenicol;rifamycin;tetracycline;triclosan", "cephalosporin;cephamycin;fluoroquinolone;macrolide;penam;tetracycline", "aminoglycoside", "cephalosporin", "phenicol", "carbapenem;cephalosporin;penam", "aminocoumarin", "cephalosporin;penam", "sulfonamide", "aminoglycoside;cephalosporin;macrolide;peptide;rifamycin;tetracycline", "carbapenem;cephalosporin;cephamycin;monobactam;penam;penem", "diaminopyrimidine", "fluoroquinolone", "cephalosporin;fluoroquinolone;glycylcycline;penam;phenicol;rifamycin;tetracycline;triclosan"], "samples": []}